model,cohort,period,y_true,y_hat,resid
FE+AR,0,45,-3.2941264058666997,1.5317068342360982,4.8258332401027975
FE+AR,0,46,-4.207495225769584,1.497391880731373,5.704887106500957
FE+AR,0,47,-4.233973512620446,1.4666399221031274,5.700613434723573
FE+AR,0,48,-5.739697437001174,1.4390810049872083,7.178778441988383
FE+AR,0,49,-5.22858324707436,1.4143835890670238,6.642966836141383
FE+AR,0,50,-4.956959568549239,1.392250558564811,6.34921012711405
FE+AR,0,51,-5.822365961648322,1.3724156478682825,7.194781609516605
FE+AR,0,52,-5.890699216951935,1.3546402382920872,7.2453394552440225
FE+AR,0,53,-4.948286678845922,1.3387104874383664,6.286997166284289
FE+AR,0,54,-5.637320425576917,1.3244347566219332,6.96175518219885
FE+AR,0,55,-5.761849078781266,1.311641305411385,7.073490384192651
FE+AR,0,56,-6.596856682603266,1.3001762255509364,7.897032908154203
FE+AR,0,57,-6.901732670872982,1.2899015894075565,8.191634260280539
FE+AR,0,58,-6.330844551466729,1.280693790668794,7.611538342135523
FE+AR,0,59,-6.5055635628052375,1.2724420573294892,7.778005620134727
FE+AR,1,45,-3.2242986628483408,1.3084066756324688,4.53270533848081
FE+AR,1,46,-3.608687436402337,1.2740917221277437,4.882779158530081
FE+AR,1,47,-4.1584876201777545,1.243339763499498,5.401827383677253
FE+AR,1,48,-4.68383174084371,1.2157808463835789,5.899612587227288
FE+AR,1,49,-4.113674025604002,1.1910834304633942,5.304757456067396
FE+AR,1,50,-5.615975873512233,1.1689503999611814,6.784926273473414
FE+AR,1,51,-5.180942095545155,1.149115489264653,6.330057584809808
FE+AR,1,52,-5.540412830148266,1.1313400796884576,6.671752909836723
FE+AR,1,53,-5.482307203954223,1.115410328834737,6.59771753278896
FE+AR,1,54,-5.121055317748701,1.1011345980183036,6.222189915767005
FE+AR,1,55,-5.575839785255032,1.0883411468077555,6.664180932062788
FE+AR,1,56,-5.4277663194314,1.0768760669473068,6.504642386378706
FE+AR,1,57,-5.58426460923154,1.0666014308039269,6.650866040035467
FE+AR,1,58,-6.066600493764979,1.0573936320651645,7.123994125830144
FE+AR,1,59,-6.0805739512221075,1.0491418987258596,7.129715849947967
FE+AR,2,45,-2.4550358668103125,0.9704705040669103,3.4255063708772227
FE+AR,2,46,-4.176900135674451,0.9361555505621851,5.1130556862366365
FE+AR,2,47,-3.902142988676558,0.9054035919339394,4.807546580610497
FE+AR,2,48,-4.131740896306525,0.8778446748180203,5.009585571124545
FE+AR,2,49,-4.511471527499345,0.8531472588978357,5.36461878639718
FE+AR,2,50,-4.491020772377278,0.8310142283956229,5.322035000772901
FE+AR,2,51,-4.586851610689021,0.8111793176990945,5.398030928388116
FE+AR,2,52,-5.23914735263808,0.7934039081228992,6.032551260760979
FE+AR,2,53,-5.1324866806754175,0.7774741572691783,5.909960837944595
FE+AR,2,54,-4.970204306096663,0.7631984264527452,5.733402732549409
FE+AR,2,55,-5.230587662900484,0.750404975242197,5.980992638142681
FE+AR,2,56,-5.226614375689287,0.7389398953817483,5.965554271071036
FE+AR,2,57,-5.639809581380905,0.7286652592383683,6.368474840619273
FE+AR,2,58,-4.844508279219625,0.719457460499606,5.56396573971923
FE+AR,2,59,-5.134756635190519,0.7112057271603012,5.845962362350821
FE+AR,3,45,-2.7167607343751463,0.9512437917194396,3.668004526094586
FE+AR,3,46,-2.1821303525450073,0.9169288382147145,3.099059190759722
FE+AR,3,47,-3.268057074016637,0.8861768795864686,4.154233953603105
FE+AR,3,48,-3.7648591047967535,0.8586179624705497,4.623477067267303
FE+AR,3,49,-4.466878976838874,0.833920546550365,5.300799523389239
FE+AR,3,50,-4.336541774275859,0.8117875160481522,5.148329290324011
FE+AR,3,51,-4.384545428322492,0.7919526053516237,5.176498033674116
FE+AR,3,52,-4.162435696750335,0.7741771957754284,4.936612892525764
FE+AR,3,53,-4.45907540241513,0.7582474449217077,5.217322847336837
FE+AR,3,54,-4.8972568207328555,0.7439717141052744,5.64122853483813
FE+AR,3,55,-4.7641293980944,0.7311782628947263,5.495307660989126
FE+AR,3,56,-4.35189817816395,0.7197131830342776,5.071611361198228
FE+AR,3,57,-4.279947794916372,0.7094385468908977,4.989386341807269
FE+AR,3,58,-4.637184493826426,0.7002307481521353,5.337415241978562
FE+AR,3,59,-5.1517507582123985,0.6919790148128304,5.843729773025229
FE+AR,4,45,-1.7364795018058,0.8804993473818827,2.6169788491876824
FE+AR,4,46,-2.5748820113006508,0.8461843938771576,3.4210664051778084
FE+AR,4,47,-3.177122354523914,0.8154324352489118,3.992554789772826
FE+AR,4,48,-3.548766959290294,0.7878735181329928,4.336640477423287
FE+AR,4,49,-3.4784089457009046,0.7631761022128081,4.241585047913713
FE+AR,4,50,-4.287699936763539,0.7410430717105954,5.028743008474134
FE+AR,4,51,-3.7061164248498035,0.7212081610140669,4.427324585863871
FE+AR,4,52,-4.105795123161558,0.7034327514378715,4.809227874599429
FE+AR,4,53,-3.769672328481416,0.6875030005841509,4.457175329065567
FE+AR,4,54,-3.8315559111445325,0.6732272697677175,4.50478318091225
FE+AR,4,55,-3.5921862167269034,0.6604338185571694,4.252620035284073
FE+AR,4,56,-3.600406400357887,0.6489687386967207,4.2493751390546075
FE+AR,4,57,-4.328993019956042,0.6386941025533408,4.967687122509383
FE+AR,4,58,-4.018634048383832,0.6294863038145784,4.64812035219841
FE+AR,4,59,-4.109399160373165,0.6212345704752736,4.730633730848439
FE+AR,5,45,-1.9085835874574641,0.7278122966676259,2.63639588412509
FE+AR,5,46,-2.1289358194521233,0.6934973431629008,2.822433162615024
FE+AR,5,47,-1.9809397406212779,0.6627453845346549,2.643685125155933
FE+AR,5,48,-3.0943692718709093,0.635186467418736,3.729555739289645
FE+AR,5,49,-3.235944644942148,0.6104890514985513,3.846433696440699
FE+AR,5,50,-2.828980389496593,0.5883560209963385,3.4173364104929314
FE+AR,5,51,-3.118312729582448,0.56852111029981,3.686833839882258
FE+AR,5,52,-3.2202003403974353,0.5507457007236147,3.77094604112105
FE+AR,5,53,-3.432710901100478,0.534815949869894,3.967526850970372
FE+AR,5,54,-3.2322101696190737,0.5205402190534607,3.7527503886725344
FE+AR,5,55,-3.219085784465043,0.5077467678429126,3.7268325523079557
FE+AR,5,56,-3.571763611658526,0.49628168798246386,4.06804529964099
FE+AR,5,57,-3.126075803555845,0.48600705183908394,3.612082855394929
FE+AR,5,58,-3.027439542748543,0.47679925310032156,3.504238795848865
FE+AR,5,59,-2.989317276744687,0.4685475197610168,3.457864796505704
FE+AR,6,45,-1.1435507003509464,0.5661636546358672,1.7097143549868137
FE+AR,6,46,-1.4833435901634342,0.531848701131142,2.0151922912945763
FE+AR,6,47,-2.399088754688425,0.5010967425028963,2.9001854971913215
FE+AR,6,48,-2.0835791932139096,0.4735378253869772,2.557117018600887
FE+AR,6,49,-2.781807106487932,0.44884040946679254,3.2306475159547245
FE+AR,6,50,-2.736620395693377,0.4267073789645798,3.1633277746579567
FE+AR,6,51,-2.0153160807562434,0.40687246826805135,2.4221885490242947
FE+AR,6,52,-2.466918132653418,0.389097058691856,2.856015191345274
FE+AR,6,53,-2.6796040545654187,0.3731673078381353,3.052771362403554
FE+AR,6,54,-2.67994202720173,0.358891577021702,3.0388336042234316
FE+AR,6,55,-2.7332984796678383,0.34609812581115384,3.0793966054789923
FE+AR,6,56,-2.5156900559001487,0.33463304595070514,2.850323101850854
FE+AR,6,57,-2.3408501795003134,0.3243584098073252,2.6652085893076385
FE+AR,6,58,-2.667153354585603,0.31515061106856285,2.982303965654166
FE+AR,6,59,-2.4620488745954936,0.30689887772925806,2.7689477523247517
FE+AR,7,45,-0.7103970053422227,0.4458691235714095,1.1562661289136322
FE+AR,7,46,-1.344884531820433,0.4115541700666844,1.7564387018871175
FE+AR,7,47,-1.8776390770709375,0.3808022114384386,2.258441288509376
FE+AR,7,48,-1.9187755414135184,0.35324329432251955,2.272018835736038
FE+AR,7,49,-2.6045913753115597,0.3285458784023349,2.9331372537138947
FE+AR,7,50,-2.8413221897610916,0.30641284790012213,3.1477350376612137
FE+AR,7,51,-2.370386222000123,0.2865779372035937,2.6569641592037168
FE+AR,7,52,-2.1233266554020047,0.26880252762739837,2.392129183029403
FE+AR,7,53,-1.3600278392513232,0.25287277677367764,1.6129006160250008
FE+AR,7,54,-2.0888620236387574,0.23859704595724435,2.3274590695960016
FE+AR,7,55,-2.1719454301099104,0.2258035947466962,2.3977490248566067
FE+AR,7,56,-2.4345965678124917,0.2143385148862475,2.6489350826987392
FE+AR,7,57,-1.5488607400473258,0.20406387874286758,1.7529246187901935
FE+AR,7,58,-1.9776095762762285,0.1948560800041052,2.1724656562803335
FE+AR,7,59,-1.4661156459581692,0.1866043466648004,1.6527199926229696
FE+AR,8,45,0.11216572459310886,0.36046474442640764,0.24829901983329877
FE+AR,8,46,-0.8623995131050392,0.3261497909216825,1.1885493040267217
FE+AR,8,47,-0.9634151267900745,0.29539783229343675,1.258812959083511
FE+AR,8,48,-1.073404178670468,0.2678389151775177,1.3412430938479858
FE+AR,8,49,-1.2909852813552833,0.24314149925733303,1.5341267806126164
FE+AR,8,50,-1.3679653915117653,0.22100846875512026,1.5889738602668855
FE+AR,8,51,-1.656566645127575,0.20117355805859183,1.8577402031861667
FE+AR,8,52,-1.7822178164899916,0.1833981484823965,1.965615964972388
FE+AR,8,53,-1.7825468060167182,0.16746839762867577,1.950015203645394
FE+AR,8,54,-1.6670817591683171,0.15319266681224247,1.8202744259805597
FE+AR,8,55,-1.3703175671574745,0.14039921560169433,1.510716782759169
FE+AR,8,56,-1.2998188927447798,0.12893413574124563,1.4287530284860255
FE+AR,8,57,-1.347854687215202,0.1186594995978657,1.4665141868130678
FE+AR,8,58,-0.6149742298539341,0.10945170085910333,0.7244259307130374
FE+AR,8,59,-0.5025569126190019,0.10119996751979854,0.6037568801388005
FE+AR,9,45,0.026799943430804718,0.5321144860002169,0.5053145425694122
FE+AR,9,46,0.09830946249110403,0.4977995324954918,0.39949007000438774
FE+AR,9,47,-0.6265318156888611,0.46704757386724605,1.093579389556107
FE+AR,9,48,-0.5562214018379747,0.439488656751327,0.9957100585893017
FE+AR,9,49,-0.6623391535550097,0.4147912408311423,1.077130394386152
FE+AR,9,50,-0.48321831547726035,0.39265821032892956,0.8758765258061899
FE+AR,9,51,-0.4419586747506518,0.37282329963240113,0.8147819743830529
FE+AR,9,52,-0.8618370750228402,0.3550478900562058,1.216884965079046
FE+AR,9,53,-0.6890378923914103,0.33911813920248507,1.0281560315938953
FE+AR,9,54,-0.7699614950051479,0.3248424083860518,1.0948039033911996
FE+AR,9,55,-1.0230430585637933,0.3120489571755036,1.335092015739297
FE+AR,9,56,-0.7327109213847862,0.3005838773150549,1.033294798699841
FE+AR,9,57,-0.20889203799429668,0.290309241171675,0.4992012791659717
FE+AR,9,58,-0.4774090177704564,0.28110144243291263,0.758510460203369
FE+AR,9,59,-0.043680381057154244,0.27284970909360784,0.31653009015076206
FE+AR,10,45,1.1456448185434591,0.7030771016367937,-0.4425677169066654
FE+AR,10,46,0.25155142432830185,0.6687621481320686,0.4172107238037667
FE+AR,10,47,0.47671078123533,0.6380101895038228,0.16129940826849282
FE+AR,10,48,0.14138216146453333,0.6104512723879038,0.46906911092337045
FE+AR,10,49,0.3318075573197814,0.585753856467719,0.25394629914793765
FE+AR,10,50,-0.046654598283485116,0.5636208259655063,0.6102754242489914
FE+AR,10,51,0.1693946043825056,0.5437859152689779,0.3743913108864723
FE+AR,10,52,-0.5445495558956274,0.5260105056927825,1.0705600615884099
FE+AR,10,53,0.6641688698969095,0.5100807548390618,-0.1540881150578477
FE+AR,10,54,0.6059221639343151,0.4958050240226285,-0.11011713991168659
FE+AR,10,55,0.39182440603033347,0.4830115728120804,0.09118716678174693
FE+AR,10,56,1.098396808776707,0.47154649295163165,-0.6268503158250754
FE+AR,10,57,0.7506509729477151,0.4612718568082518,-0.2893791161394633
FE+AR,10,58,0.9303282125882147,0.45206405806948935,-0.4782641545187254
FE+AR,10,59,1.7722203426226022,0.4438123247301846,-1.3284080178924176
FE+AR,11,45,1.6026025241434707,1.0346923880462338,-0.567910136097237
FE+AR,11,46,1.9310654347783518,1.0003774345415086,-0.9306880002368432
FE+AR,11,47,1.2838173890584454,0.9696254759132628,-0.3141919131451827
FE+AR,11,48,0.9950000164940249,0.9420665587973438,-0.05293345769668112
FE+AR,11,49,1.0339722836371084,0.9173691428771591,-0.11660314075994926
FE+AR,11,50,0.7777336022288603,0.8952361123749464,0.11750251014608604
FE+AR,11,51,0.6899218268872257,0.8754012016784178,0.18547937479119214
FE+AR,11,52,1.128925833866481,0.8576257921022226,-0.27130004176425837
FE+AR,11,53,0.6616641731850312,0.8416960412485018,0.1800318680634706
FE+AR,11,54,1.6700726329517077,0.8274203104320685,-0.8426523225196392
FE+AR,11,55,1.1260547318604832,0.8146268592215204,-0.31142787263896277
FE+AR,11,56,1.2892836982444504,0.8031617793610717,-0.48612191888337875
FE+AR,11,57,1.3239787707671729,0.7928871432176918,-0.531091627549481
FE+AR,11,58,1.8487519091816378,0.7836793444789294,-1.0650725647027084
FE+AR,11,59,2.142506134341555,0.7754276111396246,-1.3670785232019302
FE+AR,12,45,2.7148231535331764,1.210782653149121,-1.5040405003840553
FE+AR,12,46,2.4032768311071924,1.176467699644396,-1.2268091314627965
FE+AR,12,47,1.8211891036925414,1.1457157410161503,-0.6754733626763911
FE+AR,12,48,2.2120743829483533,1.118156823900231,-1.0939175590481223
FE+AR,12,49,1.3078164414927191,1.0934594079800466,-0.21435703351267255
FE+AR,12,50,1.4822643574427328,1.0713263774778339,-0.4109379799648989
FE+AR,12,51,2.147881053272525,1.0514914667813053,-1.0963895864912196
FE+AR,12,52,2.0642212999582044,1.03371605720511,-1.0305052427530943
FE+AR,12,53,2.104543938368333,1.0177863063513892,-1.0867576320169436
FE+AR,12,54,2.56743046991132,1.003510575534956,-1.563919894376364
FE+AR,12,55,2.309613288271314,0.9907171243244078,-1.3188961639469063
FE+AR,12,56,2.3864996691164855,0.9792520444639592,-1.4072476246525263
FE+AR,12,57,2.3593113182217396,0.9689774083205792,-1.3903339099011602
FE+AR,12,58,2.4164229985405545,0.9597696095818169,-1.4566533889587376
FE+AR,12,59,3.1400210149424628,0.951517876242512,-2.188503138699951
FE+AR,13,45,2.936454709359728,1.3184249929171834,-1.6180297164425448
FE+AR,13,46,3.0365052971660895,1.2841100394124583,-1.7523952577536313
FE+AR,13,47,2.556200530310324,1.2533580807842126,-1.3028424495261115
FE+AR,13,48,2.9096530513434233,1.2257991636682934,-1.68385388767513
FE+AR,13,49,2.287612515626795,1.2011017477481087,-1.086510767878686
FE+AR,13,50,2.3720955959723833,1.178968717245896,-1.1931268787264873
FE+AR,13,51,2.3789777183566665,1.1591338065493675,-1.219843911807299
FE+AR,13,52,2.5904032219738533,1.1413583969731722,-1.449044825000681
FE+AR,13,53,3.0121502020009983,1.1254286461194516,-1.8867215558815467
FE+AR,13,54,2.556252316602346,1.1111529153030182,-1.4450994012993277
FE+AR,13,55,3.683063914415246,1.09835946409247,-2.584704450322776
FE+AR,13,56,3.824322980796418,1.0868943842320213,-2.7374285965643965
FE+AR,13,57,3.68016714977297,1.0766197480886415,-2.6035474016843283
FE+AR,13,58,3.907532000156969,1.067411949349879,-2.84012005080709
FE+AR,13,59,4.292049555724604,1.0591602160105742,-3.2328893397140295
FE+AR,14,45,3.767180059995686,1.159427738119899,-2.607752321875787
FE+AR,14,46,3.539747945087091,1.1251127846151738,-2.414635160471917
FE+AR,14,47,3.0476825608211247,1.0943608259869282,-1.9533217348341965
FE+AR,14,48,2.8404555379339445,1.066801908871009,-1.7736536290629354
FE+AR,14,49,2.9399838337508575,1.0421044929508245,-1.897879340800033
FE+AR,14,50,2.6963934222278474,1.0199714624486118,-1.6764219597792356
FE+AR,14,51,3.445019462620426,1.0001365517520833,-2.4448829108683423
FE+AR,14,52,3.5118435892710687,0.982361142175888,-2.5294824470951807
FE+AR,14,53,3.325395322192027,0.9664313913221672,-2.35896393086986
FE+AR,14,54,4.067165874813494,0.952155660505734,-3.11501021430776
FE+AR,14,55,3.975346685856444,0.9393622092951858,-3.0359844765612585
FE+AR,14,56,4.160000371175188,0.9278971294347371,-3.2321032417404503
FE+AR,14,57,4.383818928686526,0.9176224932913571,-3.4661964353951684
FE+AR,14,58,4.625570032208846,0.9084146945525948,-3.7171553376562514
FE+AR,14,59,5.034732815860756,0.90016296121329,-4.134569854647466
FE+AR,15,45,3.2549744685156066,0.752976398935433,-2.5019980695801736
FE+AR,15,46,3.4990300844008084,0.7186614454307079,-2.7803686389701006
FE+AR,15,47,3.136533822633574,0.687909486802462,-2.448624335831112
FE+AR,15,48,3.259371188373039,0.660350569686543,-2.599020618686496
FE+AR,15,49,2.704193163417789,0.6356531537663583,-2.068540009651431
FE+AR,15,50,3.2908099104768915,0.6135201232641456,-2.6772897872127457
FE+AR,15,51,3.015566187314838,0.5936852125676171,-2.421880974747221
FE+AR,15,52,3.4893356669899607,0.5759098029914218,-2.9134258639985386
FE+AR,15,53,3.4429359258512253,0.5599800521377011,-2.882955873713524
FE+AR,15,54,4.472975652513455,0.5457043213212678,-3.9272713311921867
FE+AR,15,55,4.111457055201246,0.5329108701107197,-3.5785461850905262
FE+AR,15,56,4.673464485568921,0.5214457902502709,-4.152018695318651
FE+AR,15,57,4.797764012983266,0.5111711541068911,-4.286592858876375
FE+AR,15,58,5.362981679327434,0.5019633553681286,-4.861018323959305
FE+AR,15,59,5.022402423558663,0.49371162202882385,-4.528690801529839
FE+AR,16,45,4.052701877139696,0.1533520276875916,-3.899349849452104
FE+AR,16,46,3.540661812452592,0.11903707418286646,-3.4216247382697254
FE+AR,16,47,2.718098593727936,0.08828511555462071,-2.6298134781733156
FE+AR,16,48,2.748854129625643,0.06072619843870164,-2.688127931186941
FE+AR,16,49,3.200766553356176,0.03602878251851699,-3.164737770837659
FE+AR,16,50,2.7458031875522937,0.01389575201630422,-2.7319074355359896
FE+AR,16,51,3.246616798880365,-0.00593915868022421,-3.252555957560589
FE+AR,16,52,4.23497455187281,-0.023714568256419544,-4.25868912012923
FE+AR,16,53,3.935435478675694,-0.03964431911014027,-3.9750797977858343
FE+AR,16,54,4.741231520615387,-0.053920049926573566,-4.795151570541961
FE+AR,16,55,3.6563681276295337,-0.06671350113712171,-3.7230816287666553
FE+AR,16,56,4.781525401198161,-0.07817858099757041,-4.8597039821957315
FE+AR,16,57,4.872388071502962,-0.08845321714095034,-4.960841288643912
FE+AR,16,58,5.037746092676097,-0.09766101587971271,-5.13540710855581
FE+AR,16,59,5.326454063255727,-0.1059127492190175,-5.432366812474744
FE+AR,17,45,3.154065253511759,-0.5385172186022454,-3.692582472114004
FE+AR,17,46,3.0028002683862245,-0.5728321721069706,-3.575632440493195
FE+AR,17,47,3.562827366459666,-0.6035841307352163,-4.166411497194883
FE+AR,17,48,3.5042806603539116,-0.6311430478511354,-4.135423708205047
FE+AR,17,49,3.230102995857226,-0.65584046377132,-3.885943459628546
FE+AR,17,50,3.5785205427065243,-0.6779734942735328,-4.256494036980057
FE+AR,17,51,3.2796515104520814,-0.6978084049700612,-3.9774599154221426
FE+AR,17,52,3.6586797863824354,-0.7155838145462565,-4.374263600928692
FE+AR,17,53,4.12431494474347,-0.7315135653999774,-4.855828510143447
FE+AR,17,54,4.098465888805894,-0.7457892962164105,-4.844255185022305
FE+AR,17,55,4.489256218935626,-0.7585827474269587,-5.247838966362585
FE+AR,17,56,4.652385939446245,-0.7700478272874074,-5.422433766733652
FE+AR,17,57,5.877794394192355,-0.7803224634307874,-6.658116857623142
FE+AR,17,58,5.556906758620809,-0.7895302621695497,-6.3464370207903595
FE+AR,17,59,5.436416926304184,-0.7977819955088545,-6.2341989218130385
FE+AR,18,45,3.1687515656176535,-1.0552051386433772,-4.223956704261031
FE+AR,18,46,2.98905256247843,-1.0895200921481023,-4.078572654626532
FE+AR,18,47,3.188607794789089,-1.1202720507763482,-4.308879845565437
FE+AR,18,48,3.397537134102697,-1.1478309678922671,-4.545368101994964
FE+AR,18,49,3.225006831350811,-1.1725283838124518,-4.397535215163263
FE+AR,18,50,3.9731136255739097,-1.1946614143146648,-5.167775039888575
FE+AR,18,51,3.558556904235265,-1.214496325011193,-4.773053229246458
FE+AR,18,52,4.221592026001551,-1.2322717345873884,-5.4538637605889395
FE+AR,18,53,3.3537270156600085,-1.2482014854411092,-4.601928501101118
FE+AR,18,54,4.369699175923705,-1.2624772162575424,-5.632176392181247
FE+AR,18,55,4.931084387715047,-1.2752706674680905,-6.2063550551831375
FE+AR,18,56,4.868067298971722,-1.2867357473285392,-6.154803046300261
FE+AR,18,57,5.207057870037496,-1.2970103834719193,-6.504068253509415
FE+AR,18,58,5.312721998738973,-1.3062181822106815,-6.618940180949655
FE+AR,18,59,6.173619653840823,-1.3144699155499864,-7.488089569390809
FE+AR,19,45,3.300262217118863,-1.5986385678651152,-4.898900784983978
FE+AR,19,46,3.6470453821878825,-1.6329535213698403,-5.279998903557723
FE+AR,19,47,3.196370438385748,-1.6637054799980862,-4.860075918383834
FE+AR,19,48,2.7087438997280717,-1.6912643971140051,-4.400008296842077
FE+AR,19,49,3.1748418160508916,-1.7159618130341898,-4.890803629085081
FE+AR,19,50,3.454359340571343,-1.7380948435364028,-5.192454184107746
FE+AR,19,51,3.165752015518819,-1.757929754232931,-4.9236817697517505
FE+AR,19,52,3.698968061921376,-1.7757051638091264,-5.474673225730502
FE+AR,19,53,3.7886986108726743,-1.7916349146628472,-5.580333525535521
FE+AR,19,54,4.557612702857881,-1.8059106454792804,-6.363523348337162
FE+AR,19,55,4.567489801281297,-1.8187040966898285,-6.3861938979711255
FE+AR,19,56,5.044820856324579,-1.8301691765502772,-6.874990032874856
FE+AR,19,57,5.644334400962674,-1.8404438126936573,-7.484778213656332
FE+AR,19,58,5.491257221903046,-1.8496516114324195,-7.340908833335465
FE+AR,19,59,5.863137155746996,-1.8579033447717244,-7.72104050051872
GP-CP,0,45,-3.2941264058666997,1.1677422559653778,4.461868661832078
GP-CP,0,46,-4.207495225769584,1.0968055052098187,5.304300730979403
GP-CP,0,47,-4.233973512620446,1.0178892962309418,5.251862808851389
GP-CP,0,48,-5.739697437001174,0.9439546263258007,6.683652063326975
GP-CP,0,49,-5.22858324707436,0.8812693371068445,6.109852584181204
GP-CP,0,50,-4.956959568549239,0.8313677579728349,5.788327326522074
GP-CP,0,51,-5.822365961648322,0.7933484065618267,6.615714368210149
GP-CP,0,52,-5.890699216951935,0.7654570716209118,6.656156288572847
GP-CP,0,53,-4.948286678845922,0.7459189702309176,5.69420564907684
GP-CP,0,54,-5.637320425576917,0.7332701342283611,6.370590559805278
GP-CP,0,55,-5.761849078781266,0.7264202852594586,6.4882693640407245
GP-CP,0,56,-6.596856682603266,0.7245819652829378,7.321438647886204
GP-CP,0,57,-6.901732670872982,0.7271232759246937,7.6288559467976755
GP-CP,0,58,-6.330844551466729,0.7333704139484865,7.064214965415216
GP-CP,0,59,-6.5055635628052375,0.7424121171460945,7.247975679951332
GP-CP,1,45,-3.2242986628483408,1.0464665981819699,4.270765261030311
GP-CP,1,46,-3.608687436402337,0.9755298474264106,4.584217283828748
GP-CP,1,47,-4.1584876201777545,0.8966136384475337,5.055101258625288
GP-CP,1,48,-4.68383174084371,0.8226789685423928,5.506510709386102
GP-CP,1,49,-4.113674025604002,0.7599936793234365,4.873667704927438
GP-CP,1,50,-5.615975873512233,0.7100921001894269,6.32606797370166
GP-CP,1,51,-5.180942095545155,0.6720727487784187,5.853014844323574
GP-CP,1,52,-5.540412830148266,0.6441814138375038,6.184594243985769
GP-CP,1,53,-5.482307203954223,0.6246433124475096,6.106950516401732
GP-CP,1,54,-5.121055317748701,0.6119944764449531,5.733049794193654
GP-CP,1,55,-5.575839785255032,0.6051446274760506,6.180984412731083
GP-CP,1,56,-5.4277663194314,0.6033063074995298,6.031072626930929
GP-CP,1,57,-5.58426460923154,0.6058476181412857,6.1901122273728255
GP-CP,1,58,-6.066600493764979,0.6120947561650785,6.678695249930058
GP-CP,1,59,-6.0805739512221075,0.6211364593626865,6.701710410584794
GP-CP,2,45,-2.4550358668103125,0.8929065896761035,3.347942456486416
GP-CP,2,46,-4.176900135674451,0.8219698389205443,4.998869974594996
GP-CP,2,47,-3.902142988676558,0.7430536299416675,4.645196618618225
GP-CP,2,48,-4.131740896306525,0.6691189600365266,4.800859856343052
GP-CP,2,49,-4.511471527499345,0.6064336708175703,5.117905198316915
GP-CP,2,50,-4.491020772377278,0.5565320916835607,5.047552864060839
GP-CP,2,51,-4.586851610689021,0.5185127402725525,5.105364350961574
GP-CP,2,52,-5.23914735263808,0.49062140533163756,5.729768757969717
GP-CP,2,53,-5.1324866806754175,0.4710833039416434,5.603569984617061
GP-CP,2,54,-4.970204306096663,0.4584344679390868,5.4286387740357505
GP-CP,2,55,-5.230587662900484,0.4515846189701843,5.682172281870668
GP-CP,2,56,-5.226614375689287,0.4497462989936636,5.676360674682951
GP-CP,2,57,-5.639809581380905,0.45228760963541953,6.092097191016324
GP-CP,2,58,-4.844508279219625,0.45853474765921215,5.303043026878837
GP-CP,2,59,-5.134756635190519,0.4675764508568202,5.60233308604734
GP-CP,3,45,-2.7167607343751463,0.7266152903441592,3.4433760247193055
GP-CP,3,46,-2.1821303525450073,0.6556785395886,2.8378088921336073
GP-CP,3,47,-3.268057074016637,0.5767623306097232,3.84481940462636
GP-CP,3,48,-3.7648591047967535,0.5028276607045823,4.2676867655013355
GP-CP,3,49,-4.466878976838874,0.440142371485626,4.9070213483245
GP-CP,3,50,-4.336541774275859,0.39024079235161635,4.726782566627476
GP-CP,3,51,-4.384545428322492,0.3522214409406082,4.736766869263101
GP-CP,3,52,-4.162435696750335,0.32433010599969325,4.486765802750028
GP-CP,3,53,-4.45907540241513,0.3047920046096991,4.763867407024829
GP-CP,3,54,-4.8972568207328555,0.2921431686071425,5.189399989339998
GP-CP,3,55,-4.7641293980944,0.28529331963824,5.049422717732639
GP-CP,3,56,-4.35189817816395,0.2834549996617193,4.635353177825669
GP-CP,3,57,-4.279947794916372,0.2859963103034752,4.565944105219847
GP-CP,3,58,-4.637184493826426,0.29224344832726784,4.929427942153694
GP-CP,3,59,-5.1517507582123985,0.3012851515248759,5.453035909737275
GP-CP,4,45,-1.7364795018058,0.5596728801183761,2.296152381924176
GP-CP,4,46,-2.5748820113006508,0.48873612936281685,3.0636181406634675
GP-CP,4,47,-3.177122354523914,0.40981992038394,3.586942274907854
GP-CP,4,48,-3.548766959290294,0.3358852504787991,3.884652209769093
GP-CP,4,49,-3.4784089457009046,0.27319996125984286,3.7516089069607474
GP-CP,4,50,-4.287699936763539,0.2232983821258332,4.510998318889372
GP-CP,4,51,-3.7061164248498035,0.18527903071482504,3.8913954555646284
GP-CP,4,52,-4.105795123161558,0.15738769577391012,4.263182818935468
GP-CP,4,53,-3.769672328481416,0.13784959438391592,3.907521922865332
GP-CP,4,54,-3.8315559111445325,0.12520075838135938,3.956756669525892
GP-CP,4,55,-3.5921862167269034,0.11835090941245682,3.7105371261393603
GP-CP,4,56,-3.600406400357887,0.1165125894359361,3.716918989793823
GP-CP,4,57,-4.328993019956042,0.11905390007769205,4.448046920033734
GP-CP,4,58,-4.018634048383832,0.12530103810148469,4.143935086485317
GP-CP,4,59,-4.109399160373165,0.13434274129909274,4.243741901672258
GP-CP,5,45,-1.9085835874574641,0.40203978202125246,2.3106233694787166
GP-CP,5,46,-2.1289358194521233,0.33110303126569324,2.4600388507178166
GP-CP,5,47,-1.9809397406212779,0.2521868222868164,2.2331265629080943
GP-CP,5,48,-3.0943692718709093,0.17825215238167547,3.2726214242525846
GP-CP,5,49,-3.235944644942148,0.11556686316271923,3.3515115081048674
GP-CP,5,50,-2.828980389496593,0.06566528402870957,2.8946456735253023
GP-CP,5,51,-3.118312729582448,0.027645932617701416,3.1459586622001496
GP-CP,5,52,-3.2202003403974353,-0.0002454023232134894,3.219954938074222
GP-CP,5,53,-3.432710901100478,-0.01978350371320771,3.41292739738727
GP-CP,5,54,-3.2322101696190737,-0.03243233971576423,3.1997778299033093
GP-CP,5,55,-3.219085784465043,-0.03928218868466679,3.1798035957803763
GP-CP,5,56,-3.571763611658526,-0.04112050866118751,3.530643102997338
GP-CP,5,57,-3.126075803555845,-0.03857919801943156,3.0874966055364137
GP-CP,5,58,-3.027439542748543,-0.03233205999563893,2.9951074827529043
GP-CP,5,59,-2.989317276744687,-0.023290356798030862,2.966026919946656
GP-CP,6,45,-1.1435507003509464,0.271786761579255,1.4153374619302015
GP-CP,6,46,-1.4833435901634342,0.2008500108236958,1.68419360098713
GP-CP,6,47,-2.399088754688425,0.12193380184481895,2.521022556533244
GP-CP,6,48,-2.0835791932139096,0.04799913193967803,2.131578325153588
GP-CP,6,49,-2.781807106487932,-0.014686157279278203,2.7671209492086537
GP-CP,6,50,-2.736620395693377,-0.06458773641328787,2.672032659280089
GP-CP,6,51,-2.0153160807562434,-0.10260708782429602,1.9127089929319474
GP-CP,6,52,-2.466918132653418,-0.13049842276521093,2.336419709888207
GP-CP,6,53,-2.6796040545654187,-0.15003652415520513,2.5295675304102136
GP-CP,6,54,-2.67994202720173,-0.16268536015776167,2.517256667043968
GP-CP,6,55,-2.7332984796678383,-0.16953520912666423,2.563763270541174
GP-CP,6,56,-2.5156900559001487,-0.17137352910318493,2.344316526796964
GP-CP,6,57,-2.3408501795003134,-0.16883221846142898,2.1720179610388843
GP-CP,6,58,-2.667153354585603,-0.16258508043763636,2.5045682741479665
GP-CP,6,59,-2.4620488745954936,-0.1535433772400283,2.3085054973554655
GP-CP,7,45,-0.7103970053422227,0.19864919159381317,0.9090461969360359
GP-CP,7,46,-1.344884531820433,0.12771244083825395,1.472596972658687
GP-CP,7,47,-1.8776390770709375,0.04879623185937709,1.9264353089303146
GP-CP,7,48,-1.9187755414135184,-0.025138438045763822,1.8936371033677546
GP-CP,7,49,-2.6045913753115597,-0.08782372726472006,2.5167676480468395
GP-CP,7,50,-2.8413221897610916,-0.1377253063987297,2.703596883362362
GP-CP,7,51,-2.370386222000123,-0.17574465780973786,2.1946415641903854
GP-CP,7,52,-2.1233266554020047,-0.20363599275065278,1.919690662651352
GP-CP,7,53,-1.3600278392513232,-0.22317409414064698,1.1368537451106762
GP-CP,7,54,-2.0888620236387574,-0.23582293014320352,1.8530390934955538
GP-CP,7,55,-2.1719454301099104,-0.24267277911210608,1.9292726509978042
GP-CP,7,56,-2.4345965678124917,-0.24451109908862678,2.190085468723865
GP-CP,7,57,-1.5488607400473258,-0.24196978844687084,1.306890951600455
GP-CP,7,58,-1.9776095762762285,-0.23572265042307822,1.7418869258531502
GP-CP,7,59,-1.4661156459581692,-0.22668094722547016,1.239434698732699
GP-CP,8,45,0.11216572459310886,0.21426642561987524,0.10210070102676638
GP-CP,8,46,-0.8623995131050392,0.14332967486431603,1.0057291879693553
GP-CP,8,47,-0.9634151267900745,0.06441346588543917,1.0278285926755135
GP-CP,8,48,-1.073404178670468,-0.009521204019701746,1.0638829746507663
GP-CP,8,49,-1.2909852813552833,-0.07220649323865798,1.2187787881166254
GP-CP,8,50,-1.3679653915117653,-0.12210807237266764,1.2458573191390976
GP-CP,8,51,-1.656566645127575,-0.16012742378367578,1.496439221343899
GP-CP,8,52,-1.7822178164899916,-0.1880187587245907,1.5941990577654008
GP-CP,8,53,-1.7825468060167182,-0.2075568601145849,1.5749899459021333
GP-CP,8,54,-1.6670817591683171,-0.22020569611714144,1.4468760630511757
GP-CP,8,55,-1.3703175671574745,-0.227055545086044,1.1432620220714305
GP-CP,8,56,-1.2998188927447798,-0.2288938650625647,1.070925027682215
GP-CP,8,57,-1.347854687215202,-0.22635255442080876,1.1215021327943933
GP-CP,8,58,-0.6149742298539341,-0.22010541639701614,0.394868813456918
GP-CP,8,59,-0.5025569126190019,-0.2110637131994081,0.29149319941959384
GP-CP,9,45,0.026799943430804718,0.3333065191863858,0.3065065757555811
GP-CP,9,46,0.09830946249110403,0.2623697684308266,0.16406030593972257
GP-CP,9,47,-0.6265318156888611,0.18345355945194974,0.8099853751408108
GP-CP,9,48,-0.5562214018379747,0.10951888954680883,0.6657402913847836
GP-CP,9,49,-0.6623391535550097,0.046833600327852595,0.7091727538828623
GP-CP,9,50,-0.48321831547726035,-0.0030679788061570706,0.4801503366711033
GP-CP,9,51,-0.4419586747506518,-0.04108733021716522,0.4008713445334866
GP-CP,9,52,-0.8618370750228402,-0.06897866515808013,0.7928584098647601
GP-CP,9,53,-0.6890378923914103,-0.08851676654807435,0.600521125843336
GP-CP,9,54,-0.7699614950051479,-0.10116560255063087,0.668795892454517
GP-CP,9,55,-1.0230430585637933,-0.10801545151953343,0.9150276070442599
GP-CP,9,56,-0.7327109213847862,-0.10985377149605415,0.6228571498887321
GP-CP,9,57,-0.20889203799429668,-0.1073124608542982,0.10157957713999848
GP-CP,9,58,-0.4774090177704564,-0.10106532283050557,0.37634369493995085
GP-CP,9,59,-0.043680381057154244,-0.0920236196328975,-0.048343238575743255
GP-CP,10,45,1.1456448185434591,0.536851258803467,-0.6087935597399922
GP-CP,10,46,0.25155142432830185,0.46591450804790774,0.21436308371960588
GP-CP,10,47,0.47671078123533,0.3869982990690309,-0.08971248216629912
GP-CP,10,48,0.14138216146453333,0.31306362916388997,0.17168146769935663
GP-CP,10,49,0.3318075573197814,0.25037833994493375,-0.08142921737484765
GP-CP,10,50,-0.046654598283485116,0.20047676081092408,0.2471313590944092
GP-CP,10,51,0.1693946043825056,0.16245740939991593,-0.006937194982589656
GP-CP,10,52,-0.5445495558956274,0.134566074459001,0.6791156303546284
GP-CP,10,53,0.6641688698969095,0.11502797306900679,-0.5491408968279027
GP-CP,10,54,0.6059221639343151,0.10237913706645027,-0.5035430268678648
GP-CP,10,55,0.39182440603033347,0.09552928809754771,-0.29629511793278573
GP-CP,10,56,1.098396808776707,0.093690968121027,-1.0047058406556801
GP-CP,10,57,0.7506509729477151,0.09623227876278294,-0.6544186941849321
GP-CP,10,58,0.9303282125882147,0.10247941678657557,-0.8278487958016392
GP-CP,10,59,1.7722203426226022,0.11152111998418364,-1.6606992226384185
GP-CP,11,45,1.6026025241434707,0.7683209781707339,-0.8342815459727368
GP-CP,11,46,1.9310654347783518,0.6973842274151747,-1.233681207363177
GP-CP,11,47,1.2838173890584454,0.6184680184362978,-0.6653493706221476
GP-CP,11,48,0.9950000164940249,0.5445333485311569,-0.45046666796286805
GP-CP,11,49,1.0339722836371084,0.48184805931220065,-0.5521242243249077
GP-CP,11,50,0.7777336022288603,0.431946480178191,-0.34578712205066936
GP-CP,11,51,0.6899218268872257,0.39392712876718283,-0.29599469812004287
GP-CP,11,52,1.128925833866481,0.36603579382626794,-0.762890040040213
GP-CP,11,53,0.6616641731850312,0.3464976924362737,-0.3151664807487575
GP-CP,11,54,1.6700726329517077,0.3338488564337172,-1.3362237765179905
GP-CP,11,55,1.1260547318604832,0.3269990074648146,-0.7990557243956686
GP-CP,11,56,1.2892836982444504,0.3251606874882939,-0.9641230107561565
GP-CP,11,57,1.3239787707671729,0.32770199813004985,-0.996276772637123
GP-CP,11,58,1.8487519091816378,0.3339491361538425,-1.5148027730277953
GP-CP,11,59,2.142506134341555,0.3429908393514505,-1.7995152949901043
GP-CP,12,45,2.7148231535331764,0.9453689377236283,-1.769454215809548
GP-CP,12,46,2.4032768311071924,0.8744321869680691,-1.5288446441391232
GP-CP,12,47,1.8211891036925414,0.7955159779891923,-1.0256731257033491
GP-CP,12,48,2.2120743829483533,0.7215813080840514,-1.490493074864302
GP-CP,12,49,1.3078164414927191,0.6588960188650951,-0.6489204226276241
GP-CP,12,50,1.4822643574427328,0.6089944397310855,-0.8732699177116473
GP-CP,12,51,2.147881053272525,0.5709750883200773,-1.5769059649524477
GP-CP,12,52,2.0642212999582044,0.5430837533791624,-1.521137546579042
GP-CP,12,53,2.104543938368333,0.5235456519891681,-1.5809982863791647
GP-CP,12,54,2.56743046991132,0.5108968159866116,-2.056533653924708
GP-CP,12,55,2.309613288271314,0.5040469670177091,-1.8055663212536048
GP-CP,12,56,2.3864996691164855,0.5022086470411884,-1.884291022075297
GP-CP,12,57,2.3593113182217396,0.5047499576829443,-1.8545613605387952
GP-CP,12,58,2.4164229985405545,0.5109970957067369,-1.9054259028338176
GP-CP,12,59,3.1400210149424628,0.520038798904345,-2.619982216038118
GP-CP,13,45,2.936454709359728,0.9837516342151773,-1.9527030751445509
GP-CP,13,46,3.0365052971660895,0.912814883459618,-2.1236904137064716
GP-CP,13,47,2.556200530310324,0.8338986744807412,-1.722301855829583
GP-CP,13,48,2.9096530513434233,0.7599640045756002,-2.149689046767823
GP-CP,13,49,2.287612515626795,0.697278715356644,-1.5903338002701508
GP-CP,13,50,2.3720955959723833,0.6473771362226344,-1.724718459749749
GP-CP,13,51,2.3789777183566665,0.6093577848116262,-1.7696199335450404
GP-CP,13,52,2.5904032219738533,0.5814664498707113,-2.008936772103142
GP-CP,13,53,3.0121502020009983,0.561928348480717,-2.450221853520281
GP-CP,13,54,2.556252316602346,0.5492795124781605,-2.006972804124185
GP-CP,13,55,3.683063914415246,0.542429663509258,-3.140634250905988
GP-CP,13,56,3.824322980796418,0.5405913435327373,-3.2837316372636804
GP-CP,13,57,3.68016714977297,0.5431326541744932,-3.137034495598477
GP-CP,13,58,3.907532000156969,0.5493797921982859,-3.3581522079586827
GP-CP,13,59,4.292049555724604,0.5584214953958939,-3.7336280603287095
GP-CP,14,45,3.767180059995686,0.8246130572748427,-2.9425670027208435
GP-CP,14,46,3.539747945087091,0.7536763065192834,-2.7860716385678077
GP-CP,14,47,3.0476825608211247,0.6747600975404066,-2.372922463280718
GP-CP,14,48,2.8404555379339445,0.6008254276352656,-2.2396301102986786
GP-CP,14,49,2.9399838337508575,0.5381401384163094,-2.401843695334548
GP-CP,14,50,2.6963934222278474,0.48823855928229976,-2.2081548629455474
GP-CP,14,51,3.445019462620426,0.4502192078712916,-2.9948002547491344
GP-CP,14,52,3.5118435892710687,0.42232787293037666,-3.089515716340692
GP-CP,14,53,3.325395322192027,0.4027897715403825,-2.9226055506516446
GP-CP,14,54,4.067165874813494,0.3901409355378259,-3.6770249392756678
GP-CP,14,55,3.975346685856444,0.3832910865689234,-3.5920555992875207
GP-CP,14,56,4.160000371175188,0.3814527665924027,-3.778547604582785
GP-CP,14,57,4.383818928686526,0.3839940772341586,-3.999824851452367
GP-CP,14,58,4.625570032208846,0.39024121525795125,-4.2353288169508945
GP-CP,14,59,5.034732815860756,0.3992829184555593,-4.635449897405197
GP-CP,15,45,3.2549744685156066,0.45568090007613105,-2.7992935684394755
GP-CP,15,46,3.4990300844008084,0.3847441493205718,-3.1142859350802365
GP-CP,15,47,3.136533822633574,0.30582794034169497,-2.830705882291879
GP-CP,15,48,3.259371188373039,0.23189327043655406,-3.0274779179364852
GP-CP,15,49,2.704193163417789,0.16920798121759784,-2.534985182200191
GP-CP,15,50,3.2908099104768915,0.11930640208358816,-3.1715035083933034
GP-CP,15,51,3.015566187314838,0.08128705067258,-2.934279136642258
GP-CP,15,52,3.4893356669899607,0.0533957157316651,-3.4359399512582955
GP-CP,15,53,3.4429359258512253,0.03385761434167088,-3.4090783115095546
GP-CP,15,54,4.472975652513455,0.02120877833911436,-4.45176687417434
GP-CP,15,55,4.111457055201246,0.014358929370211798,-4.097098125831034
GP-CP,15,56,4.673464485568921,0.012520609393691082,-4.66094387617523
GP-CP,15,57,4.797764012983266,0.015061920035447027,-4.782702092947819
GP-CP,15,58,5.362981679327434,0.02130905805923966,-5.341672621268194
GP-CP,15,59,5.022402423558663,0.030350761256847728,-4.992051662301815
GP-CP,16,45,4.052701877139696,-0.08104506337653478,-4.133746940516231
GP-CP,16,46,3.540661812452592,-0.151981814132094,-3.692643626584686
GP-CP,16,47,2.718098593727936,-0.23089802311097085,-2.948996616838907
GP-CP,16,48,2.748854129625643,-0.30483269301611177,-3.0536868226417546
GP-CP,16,49,3.200766553356176,-0.367517982235068,-3.568284535591244
GP-CP,16,50,2.7458031875522937,-0.41741956136907765,-3.1632227489213713
GP-CP,16,51,3.246616798880365,-0.4554389127800858,-3.7020557116604507
GP-CP,16,52,4.23497455187281,-0.48333024772100075,-4.7183047995938106
GP-CP,16,53,3.935435478675694,-0.502868349110995,-4.438303827786689
GP-CP,16,54,4.741231520615387,-0.5155171851135515,-5.256748705728938
GP-CP,16,55,3.6563681276295337,-0.522367034082454,-4.1787351617119874
GP-CP,16,56,4.781525401198161,-0.5242053540589747,-5.3057307552571356
GP-CP,16,57,4.872388071502962,-0.5216640434172188,-5.39405211492018
GP-CP,16,58,5.037746092676097,-0.5154169053934261,-5.553162998069523
GP-CP,16,59,5.326454063255727,-0.5063752021958181,-5.8328292654515455
GP-CP,17,45,3.154065253511759,-0.698376258670147,-3.8524415121819056
GP-CP,17,46,3.0028002683862245,-0.7693130094257061,-3.772113277811931
GP-CP,17,47,3.562827366459666,-0.848229218404583,-4.411056584864249
GP-CP,17,48,3.5042806603539116,-0.9221638883097238,-4.4264445486636355
GP-CP,17,49,3.230102995857226,-0.9848491775286802,-4.214952173385906
GP-CP,17,50,3.5785205427065243,-1.03475075666269,-4.613271299369214
GP-CP,17,51,3.2796515104520814,-1.072770108073698,-4.35242161852578
GP-CP,17,52,3.6586797863824354,-1.1006614430146129,-4.759341229397048
GP-CP,17,53,4.12431494474347,-1.1201995444046071,-5.244514489148077
GP-CP,17,54,4.098465888805894,-1.1328483804071636,-5.231314269213057
GP-CP,17,55,4.489256218935626,-1.1396982293760662,-5.628954448311692
GP-CP,17,56,4.652385939446245,-1.1415365493525869,-5.793922488798832
GP-CP,17,57,5.877794394192355,-1.1389952387108309,-7.016789632903186
GP-CP,17,58,5.556906758620809,-1.1327481006870384,-6.689654859307848
GP-CP,17,59,5.436416926304184,-1.1237063974894301,-6.560123323793614
GP-CP,18,45,3.1687515656176535,-1.2877755144392002,-4.456527080056854
GP-CP,18,46,2.98905256247843,-1.3587122651947594,-4.347764827673189
GP-CP,18,47,3.188607794789089,-1.4376284741736363,-4.626236268962725
GP-CP,18,48,3.397537134102697,-1.5115631440787771,-4.909100278181475
GP-CP,18,49,3.225006831350811,-1.5742484332977333,-4.7992552646485445
GP-CP,18,50,3.9731136255739097,-1.6241500124317432,-5.597263638005653
GP-CP,18,51,3.558556904235265,-1.6621693638427513,-5.220726268078017
GP-CP,18,52,4.221592026001551,-1.6900606987836662,-5.911652724785218
GP-CP,18,53,3.3537270156600085,-1.7095988001736604,-5.063325815833669
GP-CP,18,54,4.369699175923705,-1.722247636176217,-6.091946812099922
GP-CP,18,55,4.931084387715047,-1.7290974851451195,-6.660181872860166
GP-CP,18,56,4.868067298971722,-1.7309358051216401,-6.599003104093362
GP-CP,18,57,5.207057870037496,-1.7283944944798841,-6.9354523645173805
GP-CP,18,58,5.312721998738973,-1.7221473564560916,-7.034869355195065
GP-CP,18,59,6.173619653840823,-1.7131056532584834,-7.886725307099306
GP-CP,19,45,3.300262217118863,-1.7504902625598417,-5.050752479678705
GP-CP,19,46,3.6470453821878825,-1.821427013315401,-5.468472395503284
GP-CP,19,47,3.196370438385748,-1.9003432222942778,-5.096713660680026
GP-CP,19,48,2.7087438997280717,-1.9742778921994186,-4.683021791927491
GP-CP,19,49,3.1748418160508916,-2.036963181418375,-5.211804997469267
GP-CP,19,50,3.454359340571343,-2.0868647605523845,-5.541224101123728
GP-CP,19,51,3.165752015518819,-2.1248841119633926,-5.290636127482212
GP-CP,19,52,3.698968061921376,-2.1527754469043074,-5.851743508825683
GP-CP,19,53,3.7886986108726743,-2.172313548294302,-5.961012159166977
GP-CP,19,54,4.557612702857881,-2.1849623842968584,-6.742575087154739
GP-CP,19,55,4.567489801281297,-2.191812233265761,-6.759302034547058
GP-CP,19,56,5.044820856324579,-2.1936505532422816,-7.238471409566861
GP-CP,19,57,5.644334400962674,-2.191109242600526,-7.835443643563201
GP-CP,19,58,5.491257221903046,-2.184862104576733,-7.676119326479779
GP-CP,19,59,5.863137155746996,-2.175820401379125,-8.038957557126121
GP-CP-Extended,0,45,-3.2941264058666997,-3.2475610168726297,0.046565388994070034
GP-CP-Extended,0,46,-4.207495225769584,-3.5781268947906075,0.6293683309789766
GP-CP-Extended,0,47,-4.233973512620446,-3.9369140991881295,0.2970594134323168
GP-CP-Extended,0,48,-5.739697437001174,-4.287019321243669,1.4526781157575055
GP-CP-Extended,0,49,-5.22858324707436,-4.605078012648478,0.623505234425882
GP-CP-Extended,0,50,-4.956959568549239,-4.883604863617611,0.07335470493162788
GP-CP-Extended,0,51,-5.822365961648322,-5.1263654427713075,0.6960005188770149
GP-CP-Extended,0,52,-5.890699216951935,-5.341834697419825,0.5488645195321098
GP-CP-Extended,0,53,-4.948286678845922,-5.538338384466981,-0.5900517056210592
GP-CP-Extended,0,54,-5.637320425576917,-5.721824315784614,-0.08450389020769755
GP-CP-Extended,0,55,-5.761849078781266,-5.8955984158579895,-0.13374933707672376
GP-CP-Extended,0,56,-6.596856682603266,-6.061053660834515,0.5358030217687508
GP-CP-Extended,0,57,-6.901732670872982,-6.218719604423453,0.6830130664495293
GP-CP-Extended,0,58,-6.330844551466729,-6.369248493109563,-0.03840394164283367
GP-CP-Extended,0,59,-6.5055635628052375,-6.514054291246582,-0.008490728441344686
GP-CP-Extended,1,45,-3.2242986628483408,-3.0592737892278707,0.16502487362047003
GP-CP-Extended,1,46,-3.608687436402337,-3.3699242123616773,0.23876322404065986
GP-CP-Extended,1,47,-4.1584876201777545,-3.7089207966645144,0.4495668235132402
GP-CP-Extended,1,48,-4.68383174084371,-4.039367453726582,0.6444642871171276
GP-CP-Extended,1,49,-4.113674025604002,-4.337906735984538,-0.2242327103805355
GP-CP-Extended,1,50,-5.615975873512233,-4.597060312984757,1.0189155605274758
GP-CP-Extended,1,51,-5.180942095545155,-4.820600609270906,0.36034148627424845
GP-CP-Extended,1,52,-5.540412830148266,-5.017009302464591,0.5234035276836746
GP-CP-Extended,1,53,-5.482307203954223,-5.194618751719274,0.2876884522349492
GP-CP-Extended,1,54,-5.121055317748701,-5.35938324040994,-0.23832792266123892
GP-CP-Extended,1,55,-5.575839785255032,-5.514615030869008,0.06122475438602404
GP-CP-Extended,1,56,-5.4277663194314,-5.661713300305232,-0.23394698087383237
GP-CP-Extended,1,57,-5.58426460923154,-5.801213663373983,-0.21694905414244303
GP-CP-Extended,1,58,-6.066600493764979,-5.933774283879847,0.13282620988513205
GP-CP-Extended,1,59,-6.0805739512221075,-6.06081489618264,0.019759055039467732
GP-CP-Extended,2,45,-2.4550358668103125,-2.7374435323746455,-0.28240766556433305
GP-CP-Extended,2,46,-4.176900135674451,-3.0249096102614,1.151990525413051
GP-CP-Extended,2,47,-3.902142988676558,-3.3408243885373405,0.5613186001392174
GP-CP-Extended,2,48,-4.131740896306525,-3.6483014207922553,0.48343947551426947
GP-CP-Extended,2,49,-4.511471527499345,-3.9239927957721887,0.5874787317271561
GP-CP-Extended,2,50,-4.491020772377278,-4.160429608868114,0.3305911635091645
GP-CP-Extended,2,51,-4.586851610689021,-4.361393594944544,0.22545801574447744
GP-CP-Extended,2,52,-5.23914735263808,-4.535375621067841,0.7037717315702388
GP-CP-Extended,2,53,-5.1324866806754175,-4.6907171093354965,0.441769571339921
GP-CP-Extended,2,54,-4.970204306096663,-4.833381273630441,0.1368230324662223
GP-CP-Extended,2,55,-5.230587662900484,-4.966689168191868,0.2638984947086156
GP-CP-Extended,2,56,-5.226614375689287,-5.092048617095646,0.1345657585936415
GP-CP-Extended,2,57,-5.639809581380905,-5.210003730176658,0.42980585120424664
GP-CP-Extended,2,58,-4.844508279219625,-5.3212210078916815,-0.47671272867205694
GP-CP-Extended,2,59,-5.134756635190519,-5.427128355715285,-0.29237172052476623
GP-CP-Extended,3,45,-2.7167607343751463,-2.348240983213935,0.3685197511612115
GP-CP-Extended,3,46,-2.1821303525450073,-2.6169529429555394,-0.43482259041053206
GP-CP-Extended,3,47,-3.268057074016637,-2.9144732970904985,0.3535837769261385
GP-CP-Extended,3,48,-3.7648591047967535,-3.2039265296623407,0.5609325751344127
GP-CP-Extended,3,49,-4.466878976838874,-3.461975427498321,1.0049035493405531
GP-CP-Extended,3,50,-4.336541774275859,-3.6811615455855007,0.6553802286903583
GP-CP-Extended,3,51,-4.384545428322492,-3.8652768335173504,0.5192685948051419
GP-CP-Extended,3,52,-4.162435696750335,-4.022822121566481,0.1396135751838541
GP-CP-Extended,3,53,-4.45907540241513,-4.162148536599282,0.2969268658158484
GP-CP-Extended,3,54,-4.8972568207328555,-4.289228731649006,0.6080280890838496
GP-CP-Extended,3,55,-4.7641293980944,-4.407392927085376,0.3567364710090235
GP-CP-Extended,3,56,-4.35189817816395,-4.518057832462895,-0.1661596542989452
GP-CP-Extended,3,57,-4.279947794916372,-4.6217761546436975,-0.3418283597273257
GP-CP-Extended,3,58,-4.637184493826426,-4.719222694702623,-0.0820382008761964
GP-CP-Extended,3,59,-5.1517507582123985,-4.811833354237653,0.3399174039747459
GP-CP-Extended,4,45,-1.7364795018058,-1.9600549280220163,-0.2235754262162164
GP-CP-Extended,4,46,-2.5748820113006508,-2.2108812496784584,0.3640007616221923
GP-CP-Extended,4,47,-3.177122354523914,-2.490729371403007,0.686392983120907
GP-CP-Extended,4,48,-3.548766959290294,-2.7627251359715865,0.7860418233187074
GP-CP-Extended,4,49,-3.4784089457009046,-3.003532658685934,0.47487628701497053
GP-CP-Extended,4,50,-4.287699936763539,-3.205694797260861,1.0820051395026775
GP-CP-Extended,4,51,-3.7061164248498035,-3.373004782101407,0.33311164274839644
GP-CP-Extended,4,52,-4.105795123161558,-3.5139647055454017,0.5918304176161562
GP-CP-Extended,4,53,-3.769672328481416,-3.6369269402286895,0.13274538825272675
GP-CP-Extended,4,54,-3.8315559111445325,-3.747865370439883,0.08369054070464932
GP-CP-Extended,4,55,-3.5921862167269034,-3.8501114343746434,-0.25792521764774
GP-CP-Extended,4,56,-3.600406400357887,-3.945083046399746,-0.3446766460418593
GP-CP-Extended,4,57,-4.328993019956042,-4.033334104944502,0.29565891501153985
GP-CP-Extended,4,58,-4.018634048383832,-4.115540588553613,-0.09690654016978151
GP-CP-Extended,4,59,-4.109399160373165,-4.193139560738376,-0.08374040036521091
GP-CP-Extended,5,45,-1.9085835874574641,-1.59503742975946,0.3135461576980041
GP-CP-Extended,5,46,-2.1289358194521233,-1.8260658188878325,0.3028700005642908
GP-CP-Extended,5,47,-1.9809397406212779,-2.086224023214994,-0.10528428259371614
GP-CP-Extended,5,48,-3.0943692718709093,-2.3386391313659765,0.7557301405049328
GP-CP-Extended,5,49,-3.235944644942148,-2.5599765435724553,0.6759681013696928
GP-CP-Extended,5,50,-2.828980389496593,-2.7427804484715494,0.08619994102504336
GP-CP-Extended,5,51,-3.118312729582448,-2.8908454594786175,0.22746727010383072
GP-CP-Extended,5,52,-3.2202003403974353,-3.012675109269436,0.20752523112799937
GP-CP-Extended,5,53,-3.432710901100478,-3.1166232724859135,0.3160876286145644
GP-CP-Extended,5,54,-3.2322101696190737,-3.208665400597603,0.023544769021470735
GP-CP-Extended,5,55,-3.219085784465043,-3.292134566748554,-0.0730487822835113
GP-CP-Extended,5,56,-3.571763611658526,-3.368450389781354,0.20331322187717182
GP-CP-Extended,5,57,-3.126075803555845,-3.438168543030673,-0.31209273947482785
GP-CP-Extended,5,58,-3.027439542748543,-3.50196685045674,-0.47452730770819684
GP-CP-Extended,5,59,-2.989317276744687,-3.561284290798631,-0.5719670140539441
GP-CP-Extended,6,45,-1.1435507003509464,-1.2518762063733528,-0.10832550602240643
GP-CP-Extended,6,46,-1.4833435901634342,-1.461852907464116,0.021490682699318198
GP-CP-Extended,6,47,-2.399088754688425,-1.7009981533405427,0.6980906013478823
GP-CP-Extended,6,48,-2.0835791932139096,-1.9324396959217736,0.15113949729213605
GP-CP-Extended,6,49,-2.781807106487932,-2.132843689086649,0.648963417401283
GP-CP-Extended,6,50,-2.736620395693377,-2.2947551733599014,0.4418652223334756
GP-CP-Extended,6,51,-2.0153160807562434,-2.4219697192586622,-0.40665363850241887
GP-CP-Extended,6,52,-2.466918132653418,-2.5229919278096027,-0.05607379515618449
GP-CP-Extended,6,53,-2.6796040545654187,-2.6061768583390044,0.07342719622641436
GP-CP-Extended,6,54,-2.67994202720173,-2.677501267463501,0.0024407597382287705
GP-CP-Extended,6,55,-2.7332984796678383,-2.740299657124744,-0.0070011774569058716
GP-CP-Extended,6,56,-2.5156900559001487,-2.7959932008397623,-0.2803031449396136
GP-CP-Extended,6,57,-2.3408501795003134,-2.845139253812453,-0.5042890743121395
GP-CP-Extended,6,58,-2.667153354585603,-2.8884174494866857,-0.22126409490108268
GP-CP-Extended,6,59,-2.4620488745954936,-2.9272687032419036,-0.46521982864641
GP-CP-Extended,7,45,-0.7103970053422227,-0.867468223085573,-0.1570712177433503
GP-CP-Extended,7,46,-1.344884531820433,-1.056295787630097,0.2885887441903361
GP-CP-Extended,7,47,-1.8776390770709375,-1.2744111277449932,0.6032279493259443
GP-CP-Extended,7,48,-1.9187755414135184,-1.484944453160806,0.4338310882527123
GP-CP-Extended,7,49,-2.6045913753115597,-1.6645644109380537,0.940026964373506
GP-CP-Extended,7,50,-2.8413221897610916,-1.805818575266165,1.0355036144949266
GP-CP-Extended,7,51,-2.370386222000123,-1.9125050951504523,0.45788112684967075
GP-CP-Extended,7,52,-2.1233266554020047,-1.993131198364773,0.13019545703723168
GP-CP-Extended,7,53,-1.3600278392513232,-2.056054621854203,-0.6960267826028796
GP-CP-Extended,7,54,-2.0888620236387574,-2.10725485244739,-0.0183928288086328
GP-CP-Extended,7,55,-2.1719454301099104,-2.150069175791235,0.021876254318675237
GP-CP-Extended,7,56,-2.4345965678124917,-2.1859216026342243,0.24867496517826737
GP-CP-Extended,7,57,-1.5488607400473258,-2.215372378211648,-0.6665116381643224
GP-CP-Extended,7,58,-1.9776095762762285,-2.2391040772437507,-0.26149450096752225
GP-CP-Extended,7,59,-1.4661156459581692,-2.2585606053607323,-0.7924449594025631
GP-CP-Extended,8,45,0.11216572459310886,-0.385285824794234,-0.4974515493873429
GP-CP-Extended,8,46,-0.8623995131050392,-0.552635515657339,0.3097639974477001
GP-CP-Extended,8,47,-0.9634151267900745,-0.7494171120163062,0.21399801477376823
GP-CP-Extended,8,48,-1.073404178670468,-0.9387653827378193,0.1346387959326487
GP-CP-Extended,8,49,-1.2909852813552833,-1.097353545169482,0.19363173618580132
GP-CP-Extended,8,50,-1.3679653915117653,-1.2177337560475419,0.15023163546422347
GP-CP-Extended,8,51,-1.656566645127575,-1.3037087595226078,0.3528578856049671
GP-CP-Extended,8,52,-1.7822178164899916,-1.3637903906760647,0.4184274258139269
GP-CP-Extended,8,53,-1.7825468060167182,-1.4063410046860372,0.37620580133068104
GP-CP-Extended,8,54,-1.6670817591683171,-1.4373447156131791,0.22973704355513802
GP-CP-Extended,8,55,-1.3703175671574745,-1.4601434425953446,-0.08982587543787002
GP-CP-Extended,8,56,-1.2998188927447798,-1.4761658327338412,-0.17634693998906137
GP-CP-Extended,8,57,-1.347854687215202,-1.4859767663737946,-0.13812207915859265
GP-CP-Extended,8,58,-0.6149742298539341,-1.4902634473925649,-0.8752892175386308
GP-CP-Extended,8,59,-0.5025569126190019,-1.4904743992785896,-0.9879174866595877
GP-CP-Extended,9,45,0.026799943430804718,0.22617770474002044,0.19937776130921572
GP-CP-Extended,9,46,0.09830946249110403,0.07822983877840772,-0.02007962371269631
GP-CP-Extended,9,47,-0.6265318156888611,-0.09939887969563849,0.5271329359932226
GP-CP-Extended,9,48,-0.5562214018379747,-0.26984849031806524,0.2863729115199095
GP-CP-Extended,9,49,-0.6623391535550097,-0.4097974403034904,0.2525417132515193
GP-CP-Extended,9,50,-0.48321831547726035,-0.5118030733074238,-0.028584757830163454
GP-CP-Extended,9,51,-0.4419586747506518,-0.5796732747933382,-0.13771460004268637
GP-CP-Extended,9,52,-0.8618370750228402,-0.62192497218319,0.23991210283965025
GP-CP-Extended,9,53,-0.6890378923914103,-0.6469255600281867,0.04211233236322365
GP-CP-Extended,9,54,-0.7699614950051479,-0.6606641341775737,0.10929736082757413
GP-CP-Extended,9,55,-1.0230430585637933,-0.666487532759675,0.3565555258041183
GP-CP-Extended,9,56,-0.7327109213847862,-0.6658292532844148,0.06688166810037144
GP-CP-Extended,9,57,-0.20889203799429668,-0.6592589516468181,-0.45036691365252146
GP-CP-Extended,9,58,-0.4774090177704564,-0.647468525619447,-0.1700595078489906
GP-CP-Extended,9,59,-0.043680381057154244,-0.6319111037867803,-0.5882307227296261
GP-CP-Extended,10,45,1.1456448185434591,0.9608751460053062,-0.1847696725381529
GP-CP-Extended,10,46,0.25155142432830185,0.8326011187163737,0.5810496943880719
GP-CP-Extended,10,47,0.47671078123533,0.6743666537300715,0.19765587249474154
GP-CP-Extended,10,48,0.14138216146453333,0.523022822382339,0.3816406609178057
GP-CP-Extended,10,49,0.3318075573197814,0.4018824166812045,0.0700748593614231
GP-CP-Extended,10,50,-0.046654598283485116,0.3183794664003805,0.3650340646838656
GP-CP-Extended,10,51,0.1693946043825056,0.26869760011119237,0.09930299572868678
GP-CP-Extended,10,52,-0.5445495558956274,0.24431155192805348,0.7888611078236809
GP-CP-Extended,10,53,0.6641688698969095,0.23684574367107114,-0.42732312622583835
GP-CP-Extended,10,54,0.6059221639343151,0.24030305843998576,-0.3656191054943293
GP-CP-Extended,10,55,0.39182440603033347,0.2513288077412651,-0.14049559828906838
GP-CP-Extended,10,56,1.098396808776707,0.26848182287827793,-0.8299149858984292
GP-CP-Extended,10,57,0.7506509729477151,0.29118496467118926,-0.45946600827652584
GP-CP-Extended,10,58,0.9303282125882147,0.3187390489932418,-0.611589163594973
GP-CP-Extended,10,59,1.7722203426226022,0.3496838670246415,-1.4225364755979606
GP-CP-Extended,11,45,1.6026025241434707,1.7368958472469294,0.13429332310345865
GP-CP-Extended,11,46,1.9310654347783518,1.6269200791007743,-0.3041453556775775
GP-CP-Extended,11,47,1.2838173890584454,1.4867044890274832,0.20288709996903775
GP-CP-Extended,11,48,0.9950000164940249,1.3530938190058028,0.3580938025117779
GP-CP-Extended,11,49,1.0339722836371084,1.2493946281982888,0.21542234456118048
GP-CP-Extended,11,50,0.7777336022288603,1.1830348132810597,0.4053012110521994
GP-CP-Extended,11,51,0.6899218268872257,1.150191973260084,0.46027014637285835
GP-CP-Extended,11,52,1.128925833866481,1.1423349204821003,0.013409086615619348
GP-CP-Extended,11,53,0.6616641731850312,1.1510822675681838,0.48941809438315254
GP-CP-Extended,11,54,1.6700726329517077,1.1704312061902074,-0.49964142676150036
GP-CP-Extended,11,55,1.1260547318604832,1.1970214798577574,0.0709667479972742
GP-CP-Extended,11,56,1.2892836982444504,1.2294064813378487,-0.05987721690660175
GP-CP-Extended,11,57,1.3239787707671729,1.2670037687610185,-0.05697500200615435
GP-CP-Extended,11,58,1.8487519091816378,1.309108997840473,-0.5396429113411647
GP-CP-Extended,11,59,2.142506134341555,1.3542569490799108,-0.788249185261644
GP-CP-Extended,12,45,2.7148231535331764,2.4582499501982733,-0.2565732033349031
GP-CP-Extended,12,46,2.4032768311071924,2.367394991651989,-0.0358818394552034
GP-CP-Extended,12,47,1.8211891036925414,2.246135421766587,0.4249463180740458
GP-CP-Extended,12,48,2.2120743829483533,2.13131398934483,-0.08076039360352327
GP-CP-Extended,12,49,1.3078164414927191,2.046235250506296,0.7384188090135768
GP-CP-Extended,12,50,1.4822643574427328,1.9983250881560601,0.5160607307133274
GP-CP-Extended,12,51,2.147881053272525,1.9837590765443902,-0.16412197672813478
GP-CP-Extended,12,52,2.0642212999582044,1.9940039926194812,-0.07021730733872311
GP-CP-Extended,12,53,2.104543938368333,2.020676403952328,-0.08386753441600492
GP-CP-Extended,12,54,2.56743046991132,2.0577714489972743,-0.5096590209140457
GP-CP-Extended,12,55,2.309613288271314,2.1019268119702463,-0.20768647630106774
GP-CP-Extended,12,56,2.3864996691164855,2.1516938228371827,-0.2348058462793028
GP-CP-Extended,12,57,2.3593113182217396,2.206487976457354,-0.1528233417643854
GP-CP-Extended,12,58,2.4164229985405545,2.2656028683001503,-0.1508201302404042
GP-CP-Extended,12,59,3.1400210149424628,2.3275712254886116,-0.8124497894538512
GP-CP-Extended,13,45,2.936454709359728,3.0289789142837913,0.0925242049240631
GP-CP-Extended,13,46,3.0365052971660895,2.95752790636708,-0.07897739079900967
GP-CP-Extended,13,47,2.556200530310324,2.8554297010315093,0.29922917072118516
GP-CP-Extended,13,48,2.9096530513434233,2.7595199327530198,-0.15013311859040357
GP-CP-Extended,13,49,2.287612515626795,2.693096130502541,0.40548361487574613
GP-CP-Extended,13,50,2.3720955959723833,2.663577242377145,0.2914816464047618
GP-CP-Extended,13,51,2.3789777183566665,2.667132005767089,0.2881542874104226
GP-CP-Extended,13,52,2.5904032219738533,2.695220464700271,0.10481724272641779
GP-CP-Extended,13,53,3.0121502020009983,2.7394525641784657,-0.27269763782253253
GP-CP-Extended,13,54,2.556252316602346,2.793816937179365,0.237564620577019
GP-CP-Extended,13,55,3.683063914415246,2.854944886587492,-0.8281190278277539
GP-CP-Extended,13,56,3.824322980796418,2.9213814925339014,-0.9029414882625164
GP-CP-Extended,13,57,3.68016714977297,2.992536139071248,-0.6876310107017218
GP-CP-Extended,13,58,3.907532000156969,3.0676964576483035,-0.8398355425086654
GP-CP-Extended,13,59,4.292049555724604,3.145389366019642,-1.1466601897049618
GP-CP-Extended,14,45,3.767180059995686,3.3696233200410575,-0.3975567399546285
GP-CP-Extended,14,46,3.539747945087091,3.3193426041034177,-0.22040534098367326
GP-CP-Extended,14,47,3.0476825608211247,3.2383118901265453,0.19062932930542065
GP-CP-Extended,14,48,2.8404555379339445,3.163361830699464,0.3229062927655195
GP-CP-Extended,14,49,2.9399838337508575,3.1177849251464256,0.1778010913955681
GP-CP-Extended,14,50,2.6963934222278474,3.10899504912725,0.4126016268994026
GP-CP-Extended,14,51,3.445019462620426,3.1331558303287372,-0.31186363229168856
GP-CP-Extended,14,52,3.5118435892710687,3.181722171899506,-0.33012141737156275
GP-CP-Extended,14,53,3.325395322192027,3.2462988533741477,-0.07909646881787946
GP-CP-Extended,14,54,4.067165874813494,3.3208693247351757,-0.7462965500783181
GP-CP-Extended,14,55,3.975346685856444,3.402059695829381,-0.573286990027063
GP-CP-Extended,14,56,4.160000371175188,3.4884098515546054,-0.6715905196205822
GP-CP-Extended,14,57,4.383818928686526,3.5793239867382187,-0.804494941948307
GP-CP-Extended,14,58,4.625570032208846,3.67408455806015,-0.9514854741486958
GP-CP-Extended,14,59,5.034732815860756,3.7712133316514995,-1.2635194842092563
GP-CP-Extended,15,45,3.2549744685156066,3.4808638089390858,0.2258893404234792
GP-CP-Extended,15,46,3.4990300844008084,3.4537128465805935,-0.045317237820214906
GP-CP-Extended,15,47,3.136533822633574,3.3958340936013074,0.2593002709677332
GP-CP-Extended,15,48,3.259371188373039,3.3440552230693092,0.08468403469627006
GP-CP-Extended,15,49,2.704193163417789,3.3216655519426426,0.6174723885248534
GP-CP-Extended,15,50,3.2908099104768915,3.3360755743543242,0.045265663877432694
GP-CP-Extended,15,51,3.015566187314838,3.3834453418242427,0.36787915450940467
GP-CP-Extended,15,52,3.4893356669899607,3.4552259919578807,-0.034109675032079956
GP-CP-Extended,15,53,3.4429359258512253,3.5430183553576544,0.1000824295064291
GP-CP-Extended,15,54,4.472975652513455,3.6408017563336377,-0.8321738961798171
GP-CP-Extended,15,55,4.111457055201246,3.7451980096138358,-0.3662590455874102
GP-CP-Extended,15,56,4.673464485568921,3.8547425433972915,-0.8187219421716296
GP-CP-Extended,15,57,4.797764012983266,3.968834942638918,-0.8289290703443482
GP-CP-Extended,15,58,5.362981679327434,4.086752909820682,-1.2762287695067522
GP-CP-Extended,15,59,5.022402423558663,4.207013321850976,-0.8153891017076873
GP-CP-Extended,16,45,4.052701877139696,3.428848839447341,-0.623853037692355
GP-CP-Extended,16,46,3.540661812452592,3.425458574228099,-0.11520323822449274
GP-CP-Extended,16,47,2.718098593727936,3.3913898514554184,0.6732912577274823
GP-CP-Extended,16,48,2.748854129625643,3.363469683207943,0.6146155535823001
GP-CP-Extended,16,49,3.200766553356176,3.3649864846238913,0.16421993126771506
GP-CP-Extended,16,50,2.7458031875522937,3.403349607847918,0.6575464202956245
GP-CP-Extended,16,51,3.246616798880365,3.474717723719033,0.22810092483866828
GP-CP-Extended,16,52,4.23497455187281,3.5705403527049877,-0.6644341991678222
GP-CP-Extended,16,53,3.935435478675694,3.6824164748809656,-0.25301900379472864
GP-CP-Extended,16,54,4.741231520615387,3.8043233343665497,-0.9369081862488375
GP-CP-Extended,16,55,3.6563681276295337,3.9328804404903774,0.27651231286084377
GP-CP-Extended,16,56,4.781525401198161,4.066620695896878,-0.7149047053012829
GP-CP-Extended,16,57,4.872388071502962,4.20494094548806,-0.6674471260149017
GP-CP-Extended,16,58,5.037746092676097,4.347115943407196,-0.6906301492689009
GP-CP-Extended,16,59,5.326454063255727,4.49165941664509,-0.8347946466106366
GP-CP-Extended,17,45,3.154065253511759,3.295765911886903,0.14170065837514434
GP-CP-Extended,17,46,3.0028002683862245,3.315819770309285,0.3130195019230606
GP-CP-Extended,17,47,3.562827366459666,3.3052820839220565,-0.25754528253760967
GP-CP-Extended,17,48,3.5042806603539116,3.3009797300220285,-0.20330093033188312
GP-CP-Extended,17,49,3.230102995857226,3.3262007921819388,0.09609779632471271
GP-CP-Extended,17,50,3.5785205427065243,3.3883540941176338,-0.19016644858889054
GP-CP-Extended,17,51,3.2796515104520814,3.4835975819684046,0.20394607151632327
GP-CP-Extended,17,52,3.6586797863824354,3.603379856456331,-0.05529992992610433
GP-CP-Extended,17,53,4.12431494474347,3.739298784603419,-0.38501616014005124
GP-CP-Extended,17,54,4.098465888805894,3.8853303064941853,-0.21313558231170848
GP-CP-Extended,17,55,4.489256218935626,4.0380924392483974,-0.45116377968722876
GP-CP-Extended,17,56,4.652385939446245,4.196116408408504,-0.4562695310377407
GP-CP-Extended,17,57,5.877794394192355,4.358797200563048,-1.518997193629307
GP-CP-Extended,17,58,5.556906758620809,4.525407534444105,-1.031499224176704
GP-CP-Extended,17,59,5.436416926304184,4.694458928921832,-0.741957997382352
GP-CP-Extended,18,45,3.1687515656176535,3.2244165373563076,0.055664971738654145
GP-CP-Extended,18,46,2.98905256247843,3.2666513592840625,0.2775987968056324
GP-CP-Extended,18,47,3.188607794789089,3.278143292695384,0.089535497906295
GP-CP-Extended,18,48,3.397537134102697,3.2957114916001213,-0.10182564250257586
GP-CP-Extended,18,49,3.225006831350811,3.3426363843229776,0.1176295529721667
GP-CP-Extended,18,50,3.9731136255739097,3.4263192154565396,-0.5467944101173701
GP-CP-Extended,18,51,3.558556904235265,3.542910436402109,-0.01564646783315604
GP-CP-Extended,18,52,4.221592026001551,3.683851245887798,-0.5377407801137535
GP-CP-Extended,18,53,3.3537270156600085,3.840732210129331,0.48700519446932233
GP-CP-Extended,18,54,4.369699175923705,4.00752207807563,-0.3621770978480745
GP-CP-Extended,18,55,4.931084387715047,4.180831793841155,-0.750252593873892
GP-CP-Extended,18,56,4.868067298971722,4.359185636505782,-0.5088816624659396
GP-CP-Extended,18,57,5.207057870037496,4.541971781070785,-0.665086088966711
GP-CP-Extended,18,58,5.312721998738973,4.728456277726198,-0.5842657210127751
GP-CP-Extended,18,59,6.173619653840823,4.917144127874597,-1.2564755259662261
GP-CP-Extended,19,45,3.300262217118863,3.291585154650969,-0.008677062467894014
GP-CP-Extended,19,46,3.6470453821878825,3.358688097089598,-0.2883572850982845
GP-CP-Extended,19,47,3.196370438385748,3.3950092308336024,0.19863879244785432
GP-CP-Extended,19,48,2.7087438997280717,3.4373605132349065,0.7286166135068348
GP-CP-Extended,19,49,3.1748418160508916,3.5090151720985494,0.33417335604765785
GP-CP-Extended,19,50,3.454359340571343,3.6173672567265367,0.16300791615519383
GP-CP-Extended,19,51,3.165752015518819,3.7585600376896435,0.5928080221708245
GP-CP-Extended,19,52,3.698968061921376,3.924027556655954,0.2250594947345781
GP-CP-Extended,19,53,3.7886986108726743,4.105353255895384,0.3166546450227097
GP-CP-Extended,19,54,4.557612702857881,4.296498802867027,-0.2611138999908542
GP-CP-Extended,19,55,4.567489801281297,4.494068111947123,-0.07342168933417348
GP-CP-Extended,19,56,5.044820856324579,4.6965784934279835,-0.3482423628965954
GP-CP-Extended,19,57,5.644334400962674,4.903411223531402,-0.7409231774312728
GP-CP-Extended,19,58,5.491257221903046,5.113825532577032,-0.37743168932601456
GP-CP-Extended,19,59,5.863137155746996,5.326319689667947,-0.5368174660790483
